supplier_name,supplier_address,supplier_contact,date_added,last_update
Mosciski and Sons,null,null,12/31/2025,5/14/2025
"Marks, Kohler and Huels",null,null,2/20/2026,6/6/2025
Rath-Schuster,null,null,2/4/2026,6/29/2025
"Bernhard, Howe and Jaskolski",null,null,11/5/2025,12/1/2025
Thiel-Kuhic,null,null,3/7/2026,12/23/2025
Aufderhar Inc,null,null,7/22/2025,9/23/2025
"Walsh, Bahringer and Yost",null,null,7/24/2025,4/14/2026
Kohler LLC,null,null,8/2/2025,10/10/2025
"Shields, Hammes and Russel",null,null,11/30/2025,3/4/2026
Runte-Kemmer,null,null,3/26/2026,2/1/2026
"Berge, O'Conner and Dach",null,null,12/17/2025,1/9/2026
Bartoletti Inc,null,null,10/15/2025,11/29/2025
Hansen Inc,null,null,6/7/2025,5/11/2025
"Koepp, Strosin and Von",null,null,1/1/2026,5/30/2025
Larson-Greenfelder,null,null,11/28/2025,4/15/2026
Berge-Brown,null,null,4/13/2026,7/19/2025
Osinski-Mann,null,null,4/15/2026,8/1/2025
Crist-Reilly,null,null,1/28/2026,4/14/2026
Wuckert-Torp,null,null,3/21/2026,5/31/2025
McKenzie-Ebert,null,null,8/2/2025,2/7/2026
"Morissette, McClure and Terry",null,null,3/31/2026,11/4/2025
O'Hara and Sons,null,null,7/28/2025,3/3/2026
"Hauck, Gibson and Pfannerstill",null,null,1/2/2026,2/24/2026
Howell Group,null,null,7/31/2025,11/1/2025
Brekke Group,null,null,10/11/2025,3/5/2026
Sanford LLC,null,null,8/2/2025,7/5/2025
Runolfsson-Roob,null,null,4/9/2026,7/11/2025
Moen-Weimann,null,null,8/19/2025,11/25/2025
Ebert-Jacobs,null,null,6/23/2025,10/31/2025
McCullough Group,null,null,12/16/2025,6/12/2025
Schinner-Cassin,null,null,3/21/2026,4/7/2026
Donnelly Inc,null,null,10/25/2025,3/31/2026
"Raynor, Denesik and Bruen",null,null,4/2/2026,5/19/2025
Rice Inc,null,null,8/14/2025,3/22/2026
"Greenholt, Fadel and Parisian",null,null,6/23/2025,9/14/2025
Conn-Rau,null,null,2/20/2026,7/31/2025
Lueilwitz-Funk,null,null,5/24/2025,8/21/2025
Dietrich-Treutel,null,null,12/8/2025,7/10/2025
Hills LLC,null,null,1/15/2026,8/13/2025
Hodkiewicz and Sons,null,null,10/2/2025,1/17/2026
Rempel-Dicki,null,null,2/12/2026,4/21/2025
"Hodkiewicz, Gutmann and Mitchell",null,null,1/7/2026,2/21/2026
"Stiedemann, Lebsack and Luettgen",null,null,2/5/2026,2/20/2026
Hand-Bruen,null,null,8/26/2025,12/24/2025
Gerhold Group,null,null,1/5/2026,4/16/2026
Wintheiser-Bergnaum,null,null,2/4/2026,4/22/2025
Strosin and Sons,null,null,4/12/2026,8/4/2025
Kovacek-Streich,null,null,11/26/2025,10/24/2025
Pfeffer-Hansen,null,null,11/12/2025,1/1/2026
Bins LLC,null,null,11/23/2025,7/19/2025
Labadie-Williamson,null,null,3/26/2026,5/28/2025
"McCullough, Jones and Kessler",null,null,10/24/2025,5/29/2025
Becker-Moore,null,null,11/12/2025,11/26/2025
"Beatty, Kautzer and Wilkinson",null,null,10/14/2025,7/28/2025
"Schaden, Swaniawski and Schmeler",null,null,8/10/2025,9/4/2025
Denesik LLC,null,null,2/26/2026,1/9/2026
"Doyle, Weimann and Cummerata",null,null,7/4/2025,6/4/2025
Russel-Ankunding,null,null,4/26/2025,9/7/2025
Heller-Ebert,null,null,9/25/2025,2/27/2026
"Brekke, Kertzmann and Green",null,null,9/5/2025,7/21/2025
Powlowski-Buckridge,null,null,9/12/2025,5/25/2025
"Hauck, Connelly and Tremblay",null,null,4/17/2026,12/9/2025
"Lehner, Huel and Kuphal",null,null,10/26/2025,2/7/2026
"Johnston, Lowe and Hagenes",null,null,7/9/2025,2/20/2026
Tillman-Moore,null,null,4/12/2026,5/14/2025
Shanahan and Sons,null,null,5/23/2025,11/14/2025
Howell and Sons,null,null,9/13/2025,9/20/2025
Hermann-Paucek,null,null,4/16/2026,12/7/2025
"Murazik, Witting and Mitchell",null,null,11/22/2025,1/9/2026
Steuber Inc,null,null,8/3/2025,11/28/2025
Goyette LLC,null,null,2/7/2026,9/29/2025
Hackett Group,null,null,10/21/2025,11/3/2025
O'Connell-Kling,null,null,3/15/2026,7/2/2025
"Waters, Feil and Stanton",null,null,4/8/2026,7/14/2025
"Hackett, Connelly and Glover",null,null,7/14/2025,7/22/2025
Conn and Sons,null,null,8/20/2025,5/2/2025
Miller-Fay,null,null,9/23/2025,11/25/2025
Reichel and Sons,null,null,5/29/2025,8/16/2025
Nikolaus and Sons,null,null,3/27/2026,9/11/2025
"Wehner, VonRueden and Nader",null,null,5/4/2025,7/11/2025
Wiza-Roob,null,null,10/31/2025,12/15/2025
Schuster Group,null,null,11/21/2025,11/28/2025
Gleichner LLC,null,null,10/25/2025,5/29/2025
Wilkinson Inc,null,null,5/23/2025,1/11/2026
Gutmann and Sons,null,null,6/12/2025,12/30/2025
"Keebler, Batz and Cummerata",null,null,12/22/2025,9/23/2025
Romaguera-Quitzon,null,null,1/3/2026,2/22/2026
Kuvalis Inc,null,null,10/3/2025,10/27/2025
Lynch LLC,null,null,2/5/2026,2/18/2026
Hegmann Inc,null,null,12/20/2025,1/7/2026
Weissnat-Lubowitz,null,null,3/27/2026,11/29/2025
Heaney-Osinski,null,null,10/24/2025,11/30/2025
Morissette Group,null,null,12/15/2025,11/7/2025
"Maggio, Nolan and Ondricka",null,null,9/5/2025,7/28/2025
Reynolds and Sons,null,null,4/3/2026,11/7/2025
"Christiansen, Herman and Walsh",null,null,6/10/2025,10/11/2025
Shields-Quigley,null,null,5/22/2025,10/25/2025
"Ward, Wiza and Olson",null,null,9/23/2025,11/24/2025
"Bergnaum, Schumm and Huels",null,null,1/14/2026,11/5/2025
Feeney-Sauer,null,null,6/30/2025,4/30/2025
Schuster Inc,null,null,4/1/2026,11/11/2025
Hackett LLC,null,null,10/10/2025,11/27/2025
Schamberger Inc,null,null,2/25/2026,1/25/2026
Langworth-Botsford,null,null,5/31/2025,11/15/2025
Glover LLC,null,null,4/18/2026,8/10/2025
Leffler LLC,null,null,3/17/2026,8/6/2025
Ratke LLC,null,null,1/29/2026,10/19/2025
Franecki LLC,null,null,6/21/2025,9/28/2025
"Heaney, Waters and DuBuque",null,null,3/5/2026,5/25/2025
Gibson-Gislason,null,null,12/8/2025,12/17/2025
McDermott LLC,null,null,8/28/2025,9/13/2025
Howell Group,null,null,10/2/2025,10/31/2025
Kris Group,null,null,1/1/2026,2/28/2026
"Ziemann, Sporer and Dibbert",null,null,1/20/2026,11/21/2025
Emmerich-Ernser,null,null,8/18/2025,1/25/2026
"Haley, Kutch and Mills",null,null,5/5/2025,11/16/2025
Yost-Franecki,null,null,6/12/2025,11/25/2025
"Kohler, Swift and Johnson",null,null,10/29/2025,7/7/2025
Lynch-McClure,null,null,9/21/2025,1/31/2026
"Haag, Rath and Williamson",null,null,8/31/2025,11/3/2025
Kiehn Group,null,null,3/23/2026,3/25/2026
Goodwin Group,null,null,4/18/2026,10/3/2025
Langworth and Sons,null,null,2/22/2026,2/6/2026
Hackett-Konopelski,null,null,10/28/2025,10/18/2025
Glover Group,null,null,2/19/2026,10/17/2025
"Daugherty, Stroman and Fisher",null,null,4/23/2025,3/30/2026
"Purdy, Gerhold and Ward",null,null,10/21/2025,10/9/2025
"Hoeger, Reinger and Welch",null,null,12/3/2025,4/24/2025
Thiel LLC,null,null,11/5/2025,6/21/2025
"Considine, Schneider and Maggio",null,null,2/26/2026,1/21/2026
"Lueilwitz, Macejkovic and Wisozk",null,null,12/9/2025,8/14/2025
Abshire Inc,null,null,11/9/2025,9/17/2025
Beer-Dickens,null,null,2/1/2026,4/9/2026
Yundt Inc,null,null,9/20/2025,8/10/2025
"Raynor, Robel and Zemlak",null,null,2/9/2026,4/22/2025
Swaniawski-Roberts,null,null,6/19/2025,9/4/2025
Howe Inc,null,null,1/25/2026,2/13/2026
Wisozk-Skiles,null,null,8/4/2025,5/15/2025
Kemmer Inc,null,null,4/26/2025,9/25/2025
Dare Inc,null,null,3/16/2026,5/22/2025
"Davis, Feeney and Lemke",null,null,6/17/2025,6/16/2025
"Reinger, Kerluke and Nitzsche",null,null,3/29/2026,8/24/2025
"Heaney, Beier and Bradtke",null,null,12/17/2025,7/29/2025
"Runolfsdottir, Hickle and Pouros",null,null,5/30/2025,10/20/2025
Bins and Sons,null,null,6/10/2025,11/15/2025
"Little, Kerluke and Lindgren",null,null,7/15/2025,7/6/2025
Borer-Hirthe,null,null,3/23/2026,11/1/2025
"Boyle, Mayert and Upton",null,null,3/18/2026,5/22/2025
Adams and Sons,null,null,10/27/2025,2/26/2026
Ritchie Inc,null,null,5/25/2025,3/19/2026
Vandervort Inc,null,null,9/22/2025,4/8/2026
Zboncak-Bernier,null,null,7/11/2025,11/25/2025
"Lynch, Gulgowski and Gerlach",null,null,11/14/2025,5/25/2025
"Kuhic, Brekke and Smitham",null,null,4/3/2026,3/9/2026
Gutkowski and Sons,null,null,9/24/2025,2/4/2026
Konopelski-Mills,null,null,9/2/2025,11/16/2025
Greenholt LLC,null,null,6/8/2025,10/31/2025
Hickle LLC,null,null,1/3/2026,10/13/2025
Prohaska-O'Reilly,null,null,5/10/2025,1/25/2026
Corwin and Sons,null,null,10/29/2025,6/30/2025
"Crooks, Beer and Jacobson",null,null,8/17/2025,6/26/2025
Skiles and Sons,null,null,8/31/2025,9/3/2025
"Reilly, Kuphal and Kris",null,null,7/1/2025,12/9/2025
"Metz, Hartmann and Harber",null,null,2/13/2026,6/14/2025
Farrell-Mueller,null,null,1/7/2026,5/5/2025
Bogan-Quitzon,null,null,3/8/2026,12/19/2025
Hermann and Sons,null,null,7/31/2025,2/6/2026
Pollich and Sons,null,null,3/31/2026,2/18/2026
Cummerata Inc,null,null,11/14/2025,6/23/2025
Kemmer LLC,null,null,5/25/2025,8/6/2025
Rempel-Mann,null,null,9/16/2025,10/1/2025
"Nikolaus, Stokes and Fadel",null,null,8/21/2025,10/2/2025
Kihn Group,null,null,2/24/2026,8/14/2025
Metz Inc,null,null,4/2/2026,2/25/2026
Aufderhar-Jacobs,null,null,2/11/2026,3/6/2026
"Johns, Johns and Hane",null,null,7/12/2025,11/18/2025
Corkery-Hermiston,null,null,12/6/2025,8/2/2025
"Kilback, Ebert and Green",null,null,11/13/2025,1/26/2026
Bode and Sons,null,null,6/18/2025,4/16/2026
O'Kon-Hayes,null,null,4/17/2026,11/2/2025
Hodkiewicz Inc,null,null,8/4/2025,3/28/2026
Legros and Sons,null,null,9/10/2025,2/7/2026
Heller and Sons,null,null,5/2/2025,2/16/2026
"Rodriguez, Waelchi and Wilkinson",null,null,12/12/2025,11/29/2025
Halvorson Inc,null,null,11/24/2025,2/16/2026
Effertz-O'Hara,null,null,4/14/2026,12/29/2025
Feil-Schinner,null,null,3/12/2026,11/12/2025
Cruickshank LLC,null,null,4/5/2026,10/24/2025
Dickinson-Boehm,null,null,4/24/2025,5/24/2025
"Homenick, Anderson and Gleichner",null,null,11/29/2025,7/27/2025
Kuhlman-Turner,null,null,4/20/2026,3/18/2026
"Wiegand, Green and Langosh",null,null,3/29/2026,7/16/2025
"Murazik, Williamson and Zboncak",null,null,9/17/2025,2/13/2026
Reinger Group,null,null,7/17/2025,9/3/2025
Hackett Group,null,null,2/26/2026,10/20/2025
Grant-Luettgen,null,null,10/18/2025,4/24/2025
Strosin-Wilkinson,null,null,6/18/2025,7/31/2025
Torp Inc,null,null,1/31/2026,4/8/2026
Grimes-McDermott,null,null,8/10/2025,5/6/2025
Cremin-Toy,null,null,6/1/2025,1/16/2026
"Lang, Kiehn and Hilll",null,null,4/22/2025,9/2/2025
"Frami, Mayert and Howe",null,null,11/16/2025,1/6/2026
Klein-Hagenes,null,null,2/21/2026,4/13/2026
Boehm-Renner,null,null,7/18/2025,8/14/2025
Robel-Rogahn,null,null,1/31/2026,5/29/2025
Lowe Group,null,null,11/1/2025,4/25/2025
Medhurst-Yost,null,null,6/8/2025,7/28/2025
Carroll-Kessler,null,null,6/26/2025,6/25/2025
Johnston-Barrows,null,null,5/11/2025,11/22/2025
Cummings LLC,null,null,12/15/2025,1/27/2026
Fisher and Sons,null,null,4/23/2025,5/24/2025
"Casper, Rogahn and Brekke",null,null,3/10/2026,7/1/2025
"Wehner, Langworth and Shields",null,null,11/24/2025,1/25/2026
Jakubowski-Schmitt,null,null,1/27/2026,10/28/2025
Sanford-Ferry,null,null,9/7/2025,8/20/2025
Jacobson Inc,null,null,4/11/2026,7/13/2025
"Berge, Gerhold and Langworth",null,null,6/10/2025,9/20/2025
"Marvin, Goyette and Jacobi",null,null,10/7/2025,12/29/2025
Zemlak-Klocko,null,null,9/2/2025,1/6/2026
Stracke-King,null,null,7/21/2025,10/27/2025
"O'Hara, Huel and Schulist",null,null,8/19/2025,9/14/2025
Ebert-Hartmann,null,null,9/30/2025,10/16/2025
Ritchie-McDermott,null,null,4/12/2026,3/31/2026
"Ortiz, Douglas and Brown",null,null,8/24/2025,4/28/2025
Rippin LLC,null,null,12/13/2025,6/3/2025
Hilll Inc,null,null,9/11/2025,6/2/2025
Kreiger Inc,null,null,7/13/2025,10/30/2025
"Bailey, Littel and Christiansen",null,null,10/25/2025,9/26/2025
Goldner Inc,null,null,1/17/2026,12/2/2025
"Mann, Wiegand and Kuhic",null,null,7/5/2025,2/25/2026
Gutkowski Group,null,null,4/26/2025,4/21/2025
Durgan and Sons,null,null,5/28/2025,12/6/2025
Bruen-Witting,null,null,1/29/2026,2/11/2026
Reinger-Maggio,null,null,1/21/2026,5/28/2025
Brekke-Wolff,null,null,3/6/2026,5/7/2025
"Lind, Rippin and Leffler",null,null,4/2/2026,6/13/2025
"Oberbrunner, Wyman and Funk",null,null,12/15/2025,4/8/2026
"Braun, Feeney and Reichel",null,null,2/6/2026,5/18/2025
Bernhard-Ritchie,null,null,6/3/2025,9/27/2025
West-Fay,null,null,11/8/2025,7/15/2025
Williamson-Hermiston,null,null,10/7/2025,2/24/2026
Collins Group,null,null,12/15/2025,4/28/2025
Wuckert Inc,null,null,1/22/2026,5/6/2025
Crooks-Frami,null,null,6/13/2025,9/11/2025
"Olson, Kris and Borer",null,null,3/30/2026,11/27/2025
"Yundt, Lindgren and Schiller",null,null,7/30/2025,1/23/2026
Ullrich Group,null,null,12/2/2025,3/7/2026
Dietrich Group,null,null,2/28/2026,2/22/2026
Becker Inc,null,null,3/24/2026,6/4/2025
"Volkman, Jast and O'Keefe",null,null,12/9/2025,2/13/2026
West Inc,null,null,8/13/2025,7/13/2025
Green-Dooley,null,null,3/9/2026,11/2/2025
Reichert and Sons,null,null,2/25/2026,1/25/2026
Ritchie-Hickle,null,null,7/26/2025,12/23/2025
Rempel-Jakubowski,null,null,5/17/2025,9/7/2025
Deckow-Emard,null,null,11/15/2025,12/30/2025
Runolfsdottir-Braun,null,null,11/14/2025,11/16/2025
Jakubowski LLC,null,null,5/24/2025,4/5/2026
Orn Group,null,null,10/19/2025,1/23/2026
"Wolff, Donnelly and Buckridge",null,null,12/15/2025,8/23/2025
King Inc,null,null,6/27/2025,1/27/2026
Balistreri and Sons,null,null,12/31/2025,10/28/2025
"Bruen, Kautzer and Mayer",null,null,12/30/2025,5/11/2025
"Wisoky, Littel and Fay",null,null,12/27/2025,5/20/2025
Blick-Ruecker,null,null,3/9/2026,2/13/2026
Morissette Inc,null,null,2/16/2026,9/27/2025
"Murphy, Hilpert and Tremblay",null,null,10/19/2025,3/10/2026
Cummerata-Jenkins,null,null,9/22/2025,8/16/2025
Berge-Grady,null,null,3/5/2026,8/5/2025
"Bartell, Huels and Rath",null,null,2/26/2026,4/23/2025
Lueilwitz Inc,null,null,9/24/2025,8/15/2025
Jacobs-Fay,null,null,7/25/2025,4/15/2026
Will-Morissette,null,null,12/26/2025,1/30/2026
Sanford Inc,null,null,5/30/2025,11/24/2025
"Rohan, Lang and Langworth",null,null,7/7/2025,1/24/2026
Moen-Schumm,null,null,5/5/2025,6/25/2025
"Sawayn, Ruecker and Breitenberg",null,null,6/5/2025,3/31/2026
"Mayer, Stanton and Satterfield",null,null,9/15/2025,10/21/2025
"Crist, Morar and Erdman",null,null,8/28/2025,5/30/2025
Nikolaus-Legros,null,null,5/31/2025,11/5/2025
Kuhn and Sons,null,null,3/23/2026,10/20/2025
"Herzog, Schiller and Hoppe",null,null,2/18/2026,8/5/2025
"Lind, Schmeler and Batz",null,null,6/19/2025,7/2/2025
"Conn, Sipes and Morissette",null,null,12/30/2025,8/30/2025
Rath-Gerlach,null,null,5/16/2025,9/30/2025
Hudson Group,null,null,11/26/2025,6/12/2025
"Rath, Vandervort and Lynch",null,null,8/28/2025,7/27/2025
Kulas Inc,null,null,3/17/2026,12/21/2025
"Pouros, Jacobson and Bins",null,null,3/2/2026,2/24/2026
Lowe-Gleason,null,null,2/28/2026,7/22/2025
Kautzer Group,null,null,9/6/2025,4/1/2026
Fahey-Sauer,null,null,1/6/2026,12/23/2025
Vandervort-Hyatt,null,null,12/20/2025,10/19/2025
Ortiz-Wolf,null,null,5/12/2025,10/13/2025
Kessler and Sons,null,null,12/29/2025,12/20/2025
Kilback Group,null,null,3/19/2026,12/10/2025
Kris-Hodkiewicz,null,null,6/26/2025,9/28/2025
Bosco-Kreiger,null,null,8/4/2025,7/13/2025
Jenkins-Quitzon,null,null,8/12/2025,6/20/2025
"Leuschke, Lockman and Konopelski",null,null,8/8/2025,6/30/2025
Schinner and Sons,null,null,11/19/2025,7/23/2025
Conroy Group,null,null,7/30/2025,8/24/2025
Ziemann-Stiedemann,null,null,1/4/2026,10/29/2025
Adams Group,null,null,10/1/2025,5/8/2025
"West, Wolf and O'Reilly",null,null,11/29/2025,2/5/2026
Dach and Sons,null,null,5/17/2025,12/31/2025
Roob Group,null,null,7/26/2025,11/1/2025
VonRueden Group,null,null,7/17/2025,12/26/2025
Buckridge-Predovic,null,null,4/17/2026,1/19/2026
"Morar, Barton and Kling",null,null,5/26/2025,10/13/2025
"Muller, Lindgren and O'Keefe",null,null,9/3/2025,2/21/2026
"Ortiz, Walker and Gerlach",null,null,6/12/2025,12/29/2025
"Schaefer, Bauch and Hansen",null,null,1/7/2026,5/1/2025
"Lynch, Schneider and Mohr",null,null,3/7/2026,12/16/2025
Luettgen-Rohan,null,null,8/15/2025,10/3/2025
Legros-McKenzie,null,null,2/4/2026,5/25/2025
Durgan-Jakubowski,null,null,5/7/2025,2/21/2026
Rogahn-Rosenbaum,null,null,3/15/2026,6/26/2025
"Nader, Nienow and Gleichner",null,null,7/18/2025,1/25/2026
Hane-Emmerich,null,null,10/7/2025,5/25/2025
Lehner and Sons,null,null,5/22/2025,8/8/2025
McGlynn LLC,null,null,10/27/2025,11/3/2025
Schimmel Group,null,null,9/14/2025,9/20/2025
Wuckert and Sons,null,null,7/9/2025,8/12/2025
"Bradtke, Schowalter and Stoltenberg",null,null,6/29/2025,11/18/2025
Marks and Sons,null,null,12/16/2025,3/14/2026
Graham Group,null,null,10/14/2025,7/7/2025
Baumbach-Medhurst,null,null,5/18/2025,8/29/2025
"Keeling, Macejkovic and Cremin",null,null,6/14/2025,8/8/2025
Heidenreich Group,null,null,12/11/2025,7/9/2025
Larson Inc,null,null,1/21/2026,5/10/2025
"Haag, Raynor and Schmeler",null,null,7/27/2025,3/1/2026
"Wintheiser, Nienow and Berge",null,null,1/3/2026,4/1/2026
"Bechtelar, Wolff and Doyle",null,null,4/21/2025,10/20/2025
Greenholt LLC,null,null,4/18/2026,10/4/2025
Runte-Macejkovic,null,null,2/16/2026,12/30/2025
Stokes LLC,null,null,9/28/2025,1/31/2026
Brown Inc,null,null,5/28/2025,9/12/2025
Okuneva and Sons,null,null,12/17/2025,5/14/2025
"Gerlach, Schimmel and Murazik",null,null,10/7/2025,2/19/2026
Langworth-Ondricka,null,null,7/26/2025,6/18/2025
Hodkiewicz Group,null,null,3/10/2026,5/29/2025
"Wolff, Swaniawski and Goyette",null,null,4/14/2026,1/29/2026
Kuvalis-Koepp,null,null,1/5/2026,4/13/2026
Wilkinson LLC,null,null,1/8/2026,10/3/2025
Hegmann-Ullrich,null,null,6/21/2025,2/28/2026
Mills and Sons,null,null,6/4/2025,3/6/2026
Runte-Homenick,null,null,9/29/2025,1/11/2026
"Keebler, Quigley and Dickens",null,null,8/20/2025,2/5/2026
Lubowitz Inc,null,null,1/8/2026,9/5/2025
Okuneva Inc,null,null,4/26/2025,7/22/2025
Mohr LLC,null,null,7/11/2025,8/26/2025
Von Inc,null,null,12/12/2025,1/9/2026
Kulas Group,null,null,2/22/2026,7/4/2025
Okuneva LLC,null,null,3/14/2026,1/27/2026
Haley LLC,null,null,10/24/2025,2/24/2026
Swaniawski-Gutkowski,null,null,11/20/2025,3/15/2026
"Hills, Swift and Durgan",null,null,11/12/2025,1/19/2026
Lowe-Hessel,null,null,10/20/2025,12/9/2025
Willms Group,null,null,9/14/2025,8/14/2025
Lebsack-Rath,null,null,9/1/2025,6/17/2025
Kuhlman Inc,null,null,4/9/2026,1/22/2026
Deckow LLC,null,null,1/28/2026,4/28/2025
Lehner and Sons,null,null,9/29/2025,7/23/2025
"Cronin, Mueller and Beatty",null,null,11/30/2025,1/22/2026
Kunze and Sons,null,null,6/29/2025,3/2/2026
Walker and Sons,null,null,10/7/2025,9/3/2025
Hyatt-Glover,null,null,4/29/2025,5/15/2025
"Cummerata, Farrell and Schmeler",null,null,2/23/2026,5/9/2025
Kessler LLC,null,null,8/10/2025,11/20/2025
Casper Inc,null,null,9/23/2025,9/28/2025
Nienow-Hoppe,null,null,7/20/2025,11/9/2025
Davis Inc,null,null,3/30/2026,6/29/2025
"Mohr, Heaney and Roob",null,null,5/29/2025,1/21/2026
"Lebsack, Kunze and Gottlieb",null,null,5/30/2025,11/5/2025
Wintheiser-Zemlak,null,null,6/12/2025,5/5/2025
Bailey Inc,null,null,10/11/2025,10/22/2025
Kuhn LLC,null,null,9/10/2025,3/21/2026
Hauck Inc,null,null,5/23/2025,10/23/2025
"Reynolds, Carter and Collier",null,null,4/19/2026,5/9/2025
Kertzmann-Reilly,null,null,10/6/2025,11/15/2025
Pfannerstill and Sons,null,null,2/6/2026,11/10/2025
"Kreiger, Kunde and Bechtelar",null,null,12/21/2025,1/16/2026
Kunde-MacGyver,null,null,1/12/2026,4/11/2026
"Nikolaus, Watsica and Brekke",null,null,8/28/2025,6/2/2025
Huel Group,null,null,2/18/2026,7/8/2025
Walsh Group,null,null,10/14/2025,12/12/2025
Huel-Leffler,null,null,4/24/2025,4/10/2026
Klein Inc,null,null,12/4/2025,11/30/2025
Swift and Sons,null,null,5/6/2025,3/30/2026
"Schroeder, Hyatt and Russel",null,null,4/12/2026,4/4/2026
"Green, Brown and Kiehn",null,null,2/20/2026,7/7/2025
"Fritsch, Brakus and Parisian",null,null,5/27/2025,1/1/2026
Smith LLC,null,null,11/19/2025,3/20/2026
Mertz-Murazik,null,null,12/12/2025,3/24/2026
"Bogisich, Quitzon and Mueller",null,null,6/26/2025,12/10/2025
"Deckow, Lang and Russel",null,null,3/6/2026,2/17/2026
Wilderman and Sons,null,null,12/1/2025,6/18/2025
"Konopelski, Collier and Dickens",null,null,5/16/2025,11/5/2025
Powlowski Inc,null,null,2/7/2026,1/2/2026
"Larkin, Hammes and Hackett",null,null,8/12/2025,10/20/2025
"Lemke, Rodriguez and Balistreri",null,null,3/20/2026,12/2/2025
"Feil, Nitzsche and Wolff",null,null,7/15/2025,3/21/2026
Abbott-Fahey,null,null,2/8/2026,2/20/2026
"Hand, Jast and Goodwin",null,null,1/14/2026,3/14/2026
Hessel LLC,null,null,9/12/2025,2/28/2026
"Reichel, McCullough and Brakus",null,null,2/16/2026,10/18/2025
McDermott-Davis,null,null,4/3/2026,8/4/2025
Dickens-Schaden,null,null,2/21/2026,9/10/2025
Buckridge-Toy,null,null,3/31/2026,10/21/2025
"Wintheiser, Smith and Fahey",null,null,9/22/2025,1/28/2026
Harvey-Vandervort,null,null,2/25/2026,9/29/2025
Metz-Bernier,null,null,2/5/2026,9/15/2025
MacGyver and Sons,null,null,9/5/2025,11/27/2025
"Schiller, Schoen and Emmerich",null,null,3/2/2026,9/20/2025
"Gutmann, Beer and Torphy",null,null,11/11/2025,8/17/2025
"Moore, Bernier and Quitzon",null,null,11/6/2025,3/4/2026
"Denesik, Luettgen and Price",null,null,8/7/2025,9/17/2025
Renner Inc,null,null,4/6/2026,6/13/2025
Kovacek Inc,null,null,3/7/2026,5/24/2025
Vandervort Inc,null,null,6/15/2025,6/19/2025
Lubowitz Inc,null,null,12/9/2025,3/25/2026
Connelly LLC,null,null,2/18/2026,5/14/2025
Von-Haley,null,null,11/21/2025,6/30/2025
"Yundt, Bergnaum and Reichel",null,null,4/27/2025,5/31/2025
"Hickle, Christiansen and Anderson",null,null,5/17/2025,8/17/2025
"Kreiger, Klocko and Bruen",null,null,10/14/2025,4/13/2026
Stanton LLC,null,null,6/30/2025,6/9/2025
Feeney-Hegmann,null,null,9/4/2025,9/1/2025
"Cassin, Kris and Larkin",null,null,3/6/2026,8/3/2025
Stiedemann Group,null,null,3/4/2026,10/15/2025
"Dickens, Shanahan and Stehr",null,null,11/21/2025,8/16/2025
"Padberg, Jerde and Runte",null,null,3/13/2026,12/3/2025
"Pfeffer, Gottlieb and McDermott",null,null,5/11/2025,5/15/2025
Jacobson-Steuber,null,null,11/18/2025,9/6/2025
Cummings LLC,null,null,12/2/2025,12/31/2025
Bruen-Quitzon,null,null,10/11/2025,12/21/2025
"Cormier, Ryan and Kerluke",null,null,9/4/2025,9/8/2025
"Dickens, McClure and Stanton",null,null,8/16/2025,9/23/2025
"Murphy, Bailey and Koelpin",null,null,9/20/2025,1/27/2026
"Ratke, Lang and Rodriguez",null,null,9/26/2025,8/18/2025
"West, Ritchie and Heaney",null,null,11/1/2025,12/16/2025
Howe Group,null,null,7/22/2025,1/23/2026
Kuhlman and Sons,null,null,5/22/2025,6/13/2025
"Green, Altenwerth and Heathcote",null,null,4/28/2025,2/23/2026
Doyle Group,null,null,8/12/2025,9/18/2025
Lemke Inc,null,null,5/14/2025,7/18/2025
"Herman, Armstrong and O'Keefe",null,null,3/7/2026,8/4/2025
Bayer Group,null,null,6/19/2025,2/4/2026
"Powlowski, Bahringer and Beier",null,null,4/8/2026,12/21/2025
Marvin-Kassulke,null,null,4/4/2026,5/22/2025
"Welch, Hilpert and Bergstrom",null,null,5/6/2025,7/24/2025
Bosco Group,null,null,9/14/2025,3/11/2026
Dickens-Heathcote,null,null,8/4/2025,5/26/2025
Bailey-Schinner,null,null,9/7/2025,10/13/2025
Schroeder-Kris,null,null,1/6/2026,11/3/2025
Murazik Group,null,null,7/19/2025,2/2/2026
Treutel-Gutmann,null,null,6/27/2025,7/3/2025
Quitzon Inc,null,null,8/1/2025,7/31/2025
"Collier, Schuster and Sporer",null,null,9/24/2025,5/22/2025
Dickinson-Hoeger,null,null,4/29/2025,1/9/2026
"Bauch, Runolfsdottir and Luettgen",null,null,5/27/2025,6/14/2025
Wehner LLC,null,null,8/19/2025,6/23/2025
Doyle Inc,null,null,12/11/2025,7/31/2025
Zulauf-Bernier,null,null,1/26/2026,10/7/2025
Schmidt Group,null,null,3/6/2026,10/23/2025
Hoppe Inc,null,null,5/14/2025,5/10/2025
Ebert Inc,null,null,6/22/2025,10/16/2025
"Beier, Effertz and O'Reilly",null,null,10/27/2025,6/6/2025
VonRueden-Lockman,null,null,5/15/2025,1/25/2026
Stokes-Mertz,null,null,10/7/2025,9/11/2025
Bergnaum-Smith,null,null,8/29/2025,9/18/2025
"Predovic, Cronin and Gutkowski",null,null,2/7/2026,5/6/2025
"O'Hara, Ziemann and Gleichner",null,null,3/29/2026,4/13/2026
Gutkowski Inc,null,null,12/6/2025,12/29/2025
Ritchie Group,null,null,2/24/2026,7/29/2025
"Braun, Nicolas and Johnson",null,null,8/30/2025,1/23/2026
Brakus LLC,null,null,2/27/2026,6/19/2025
"Trantow, Dickinson and Schiller",null,null,10/29/2025,7/26/2025
Wolf-Cummerata,null,null,8/31/2025,7/4/2025
"Stehr, Glover and Wilderman",null,null,11/13/2025,11/3/2025
"Gleichner, Bartell and Farrell",null,null,2/24/2026,7/14/2025
Schinner and Sons,null,null,3/10/2026,9/13/2025
"Reinger, Hudson and Schmitt",null,null,1/24/2026,3/4/2026
"Lakin, Lindgren and Moore",null,null,12/14/2025,8/13/2025
Kunde Inc,null,null,5/29/2025,7/11/2025
"Runolfsdottir, Corwin and Padberg",null,null,4/2/2026,5/3/2025
Roberts-Rohan,null,null,5/31/2025,8/1/2025
Cruickshank and Sons,null,null,12/3/2025,8/23/2025
"Parker, Hansen and Luettgen",null,null,4/13/2026,11/29/2025
"Robel, Bogisich and Brakus",null,null,7/15/2025,4/17/2026
Corwin Group,null,null,12/28/2025,6/29/2025
Kuhn LLC,null,null,1/18/2026,9/5/2025
"Feil, Torp and Kunde",null,null,10/23/2025,2/10/2026
Dickens Inc,null,null,4/8/2026,7/27/2025
Lowe-Erdman,null,null,10/2/2025,10/14/2025
Luettgen and Sons,null,null,6/21/2025,1/5/2026
"Mante, Ferry and Price",null,null,10/30/2025,1/15/2026
"Hermann, Blick and Bahringer",null,null,9/11/2025,12/18/2025
Rogahn-Williamson,null,null,5/7/2025,10/2/2025
"Lockman, Johnson and Schmidt",null,null,5/16/2025,8/7/2025
"Russel, Bailey and Barton",null,null,10/27/2025,4/21/2025
Turcotte-Deckow,null,null,10/3/2025,12/15/2025
Halvorson Inc,null,null,2/15/2026,4/2/2026
Hahn-Brakus,null,null,4/19/2026,11/17/2025
"Bergnaum, Breitenberg and Gutkowski",null,null,7/1/2025,1/16/2026
Mann-Legros,null,null,6/2/2025,7/15/2025
Dibbert Group,null,null,12/6/2025,11/27/2025
Mosciski-Howell,null,null,10/6/2025,6/14/2025
Vandervort-Murphy,null,null,2/20/2026,9/16/2025
"White, Parisian and Littel",null,null,11/9/2025,4/19/2026
Conn and Sons,null,null,12/3/2025,3/2/2026
Wiza and Sons,null,null,3/13/2026,9/4/2025
Hilpert and Sons,null,null,10/15/2025,9/22/2025
Marquardt Inc,null,null,9/26/2025,5/1/2025
Mitchell and Sons,null,null,2/25/2026,8/15/2025
Keebler-Buckridge,null,null,8/13/2025,5/21/2025
Lebsack-Grant,null,null,11/16/2025,4/16/2026
Dooley-Hodkiewicz,null,null,6/5/2025,8/21/2025
O'Reilly Inc,null,null,8/11/2025,8/14/2025
"Bernier, Yundt and Bailey",null,null,7/22/2025,6/20/2025
Bogisich Group,null,null,5/16/2025,5/27/2025
Schimmel Group,null,null,11/28/2025,9/21/2025
"Nienow, Mayer and Brown",null,null,11/15/2025,1/25/2026
"Ratke, Bergstrom and Stoltenberg",null,null,3/12/2026,8/20/2025
Ullrich LLC,null,null,4/7/2026,8/28/2025
"Hessel, Heidenreich and Ritchie",null,null,11/30/2025,2/11/2026
Abbott Group,null,null,11/8/2025,1/26/2026
"Marvin, Kutch and Smitham",null,null,4/29/2025,6/21/2025
"Bechtelar, Schowalter and Pouros",null,null,8/27/2025,1/1/2026
Yost Group,null,null,7/24/2025,8/21/2025
Powlowski-Torp,null,null,2/23/2026,7/31/2025
Schuster Group,null,null,7/11/2025,3/1/2026
Thompson LLC,null,null,4/30/2025,10/31/2025
Steuber-Emard,null,null,11/30/2025,4/24/2025
McCullough-Baumbach,null,null,2/27/2026,7/11/2025
Rippin-Zulauf,null,null,6/8/2025,4/29/2025
Baumbach and Sons,null,null,11/30/2025,7/19/2025
Labadie LLC,null,null,12/15/2025,10/6/2025
O'Connell-Braun,null,null,4/3/2026,1/11/2026
Ritchie LLC,null,null,9/19/2025,1/14/2026
Boyle-Kunze,null,null,1/2/2026,2/9/2026
Ratke-Heidenreich,null,null,12/11/2025,4/8/2026
"Willms, Stamm and Hessel",null,null,11/18/2025,8/5/2025
Okuneva LLC,null,null,6/29/2025,4/16/2026
Mitchell and Sons,null,null,3/25/2026,9/20/2025
Koepp Inc,null,null,12/26/2025,3/16/2026
Harber-Harvey,null,null,4/17/2026,3/19/2026
Cassin LLC,null,null,1/18/2026,3/7/2026
Lindgren-Fritsch,null,null,10/22/2025,10/21/2025
"Auer, Rowe and Stracke",null,null,2/24/2026,11/17/2025
"Stracke, Dooley and Farrell",null,null,8/19/2025,10/13/2025
Boehm Group,null,null,11/3/2025,10/22/2025
"Boyer, Hills and Bergnaum",null,null,4/2/2026,10/29/2025
"Wiegand, Will and Kshlerin",null,null,2/19/2026,4/3/2026
"Gutkowski, Williamson and Wuckert",null,null,5/3/2025,2/7/2026
Jacobi-Fay,null,null,1/23/2026,5/17/2025
"Heller, Franecki and Homenick",null,null,7/25/2025,11/25/2025
Wilderman-Ledner,null,null,9/30/2025,7/7/2025
Gislason LLC,null,null,3/30/2026,3/31/2026
Trantow-Douglas,null,null,2/9/2026,2/1/2026
Runolfsdottir-Hackett,null,null,8/17/2025,10/7/2025
"Bruen, Goodwin and Pacocha",null,null,7/27/2025,9/23/2025
Gerhold-Lakin,null,null,11/5/2025,2/5/2026
Skiles-Turner,null,null,6/18/2025,4/3/2026
Windler Group,null,null,1/11/2026,3/19/2026
Krajcik Group,null,null,1/24/2026,8/16/2025
Hoeger-Marquardt,null,null,12/5/2025,11/6/2025
Moen-Bogan,null,null,10/29/2025,4/15/2026
"Schinner, Lesch and Cartwright",null,null,4/30/2025,10/22/2025
"Schmitt, Kunze and Metz",null,null,1/18/2026,9/12/2025
Turner Group,null,null,10/16/2025,4/17/2026
Runolfsdottir and Sons,null,null,1/31/2026,4/18/2026
Lindgren-Hyatt,null,null,1/6/2026,11/7/2025
"Schoen, Torphy and Hand",null,null,9/6/2025,4/20/2026
"Purdy, Farrell and Kris",null,null,8/12/2025,6/24/2025
Nicolas LLC,null,null,10/9/2025,4/15/2026
Schamberger-Welch,null,null,4/1/2026,6/11/2025
Johns Inc,null,null,5/19/2025,9/18/2025
Ruecker Inc,null,null,11/27/2025,3/28/2026
Reichert-Little,null,null,1/2/2026,2/26/2026
Mann-Gutkowski,null,null,12/12/2025,2/16/2026
Windler LLC,null,null,7/11/2025,11/18/2025
"Shanahan, Funk and Pfannerstill",null,null,3/7/2026,6/15/2025
Brown-Quigley,null,null,6/21/2025,12/7/2025
"Gulgowski, Hermann and Ruecker",null,null,5/23/2025,8/21/2025
McDermott-Schumm,null,null,7/22/2025,5/21/2025
Kshlerin Group,null,null,9/23/2025,5/11/2025
Wolf Group,null,null,5/3/2025,5/21/2025
"Will, Hilll and Trantow",null,null,5/3/2025,5/23/2025
Satterfield LLC,null,null,7/26/2025,8/28/2025
Flatley Group,null,null,4/5/2026,10/31/2025
Bode-Bogan,null,null,3/11/2026,4/6/2026
Hettinger and Sons,null,null,2/16/2026,2/22/2026
Wyman-Kub,null,null,1/8/2026,12/28/2025
Nader LLC,null,null,3/12/2026,10/8/2025
Schmeler LLC,null,null,9/25/2025,10/10/2025
Gulgowski-Beer,null,null,3/21/2026,7/16/2025
Erdman-Reichel,null,null,7/8/2025,4/29/2025
Dickens-McKenzie,null,null,1/6/2026,3/2/2026
Brekke Inc,null,null,11/17/2025,9/4/2025
Boyle-Nitzsche,null,null,10/12/2025,10/7/2025
"Wuckert, McDermott and Schmidt",null,null,4/16/2026,8/1/2025
Brekke Group,null,null,11/27/2025,5/8/2025
Abshire-Hayes,null,null,9/25/2025,5/22/2025
"Armstrong, Brakus and DuBuque",null,null,9/29/2025,11/25/2025
Littel and Sons,null,null,11/17/2025,3/26/2026
Jakubowski-Bednar,null,null,8/28/2025,1/8/2026
"Rempel, Streich and Dicki",null,null,7/7/2025,3/4/2026
"Lesch, Moen and VonRueden",null,null,1/9/2026,6/12/2025
"Runolfsdottir, Wisoky and Kuhic",null,null,6/13/2025,8/13/2025
"Barrows, Leuschke and Nader",null,null,12/4/2025,4/19/2026
Grant LLC,null,null,1/31/2026,2/5/2026
"Upton, Hirthe and McClure",null,null,9/14/2025,3/18/2026
Schiller Inc,null,null,4/4/2026,6/27/2025
"Howell, Langworth and Schmitt",null,null,10/22/2025,6/9/2025
Welch Inc,null,null,3/16/2026,12/8/2025
"Cronin, Ferry and Windler",null,null,6/18/2025,4/5/2026
Cummings-Rogahn,null,null,1/4/2026,11/1/2025
Osinski-Williamson,null,null,12/2/2025,8/25/2025
Johnston LLC,null,null,8/27/2025,3/10/2026
Frami Group,null,null,9/6/2025,7/10/2025
Larkin Inc,null,null,5/17/2025,8/10/2025
Turcotte and Sons,null,null,7/31/2025,3/1/2026
Hudson LLC,null,null,6/1/2025,9/13/2025
Reynolds Inc,null,null,2/25/2026,9/22/2025
"Graham, Welch and Bailey",null,null,9/19/2025,2/13/2026
Kreiger-Olson,null,null,11/19/2025,1/18/2026
Heaney-Dietrich,null,null,10/14/2025,9/9/2025
O'Hara-Braun,null,null,8/29/2025,6/30/2025
Beatty-Flatley,null,null,8/25/2025,12/7/2025
Will-Kunze,null,null,10/3/2025,2/24/2026
"Bashirian, O'Reilly and Stark",null,null,1/17/2026,3/18/2026
Aufderhar Group,null,null,7/5/2025,5/2/2025
"Monahan, Trantow and Wolf",null,null,1/25/2026,1/21/2026
"Stroman, Kautzer and Turcotte",null,null,2/20/2026,7/10/2025
"Hodkiewicz, Rohan and Olson",null,null,3/18/2026,6/12/2025
Dickens Group,null,null,3/14/2026,12/2/2025
Mann Group,null,null,8/8/2025,5/18/2025
Abshire-Heathcote,null,null,2/20/2026,7/14/2025
"Lehner, Wolf and Ryan",null,null,8/13/2025,5/3/2025
Sawayn and Sons,null,null,2/1/2026,1/1/2026
Nolan-Larkin,null,null,6/14/2025,10/28/2025
Pollich Group,null,null,5/30/2025,9/15/2025
"Reichert, Dibbert and Boyer",null,null,8/15/2025,10/6/2025
McDermott-Okuneva,null,null,1/23/2026,1/5/2026
"D'Amore, Little and Pacocha",null,null,12/2/2025,1/19/2026
McClure-Kuhlman,null,null,11/24/2025,5/14/2025
"Botsford, Kiehn and Kris",null,null,5/26/2025,6/29/2025
Beer-Ebert,null,null,9/23/2025,3/8/2026
"Reichert, Collins and Cruickshank",null,null,12/5/2025,12/22/2025
"Abshire, Kiehn and Reinger",null,null,6/9/2025,10/15/2025
"Crona, Witting and Donnelly",null,null,2/18/2026,10/4/2025
"Luettgen, Mitchell and Barrows",null,null,4/26/2025,5/3/2025
"Spencer, Hahn and Keeling",null,null,4/2/2026,7/18/2025
"Schroeder, Klein and Stroman",null,null,4/5/2026,2/9/2026
Pacocha and Sons,null,null,2/2/2026,4/17/2026
"Mann, VonRueden and Hyatt",null,null,10/2/2025,12/22/2025
Stehr-Hartmann,null,null,1/21/2026,12/1/2025
Beahan-Stroman,null,null,11/19/2025,8/29/2025
Wolf Group,null,null,5/13/2025,5/11/2025
Moen-Little,null,null,4/24/2025,6/2/2025
"Leffler, Boyer and Homenick",null,null,12/24/2025,6/7/2025
Kling-Dare,null,null,10/13/2025,12/26/2025
Dibbert-Dietrich,null,null,2/10/2026,12/5/2025
Hintz and Sons,null,null,5/21/2025,2/11/2026
"Buckridge, Berge and Goodwin",null,null,1/5/2026,2/23/2026
Feest-Bartoletti,null,null,12/20/2025,8/13/2025
McGlynn and Sons,null,null,12/26/2025,12/26/2025
Rodriguez LLC,null,null,5/18/2025,4/30/2025
"Olson, Erdman and Leffler",null,null,3/16/2026,6/30/2025
White-Breitenberg,null,null,12/29/2025,12/10/2025
"Morar, Langworth and Paucek",null,null,2/3/2026,8/7/2025
"Kutch, Bartoletti and Prohaska",null,null,2/23/2026,12/29/2025
Parker-Boyer,null,null,3/5/2026,9/30/2025
Kilback-Leannon,null,null,1/26/2026,11/23/2025
"King, Nader and Cummings",null,null,9/7/2025,8/30/2025
Gleichner Inc,null,null,6/6/2025,6/20/2025
Hahn-Toy,null,null,7/22/2025,4/1/2026
Feil and Sons,null,null,10/2/2025,4/24/2025
Macejkovic-Schultz,null,null,8/31/2025,10/1/2025
Huels Inc,null,null,1/14/2026,8/11/2025
"Kunze, Bogan and Feest",null,null,3/11/2026,5/16/2025
Friesen-Champlin,null,null,6/15/2025,12/26/2025
Ledner LLC,null,null,1/5/2026,5/14/2025
Reilly Inc,null,null,4/27/2025,11/23/2025
Wuckert-Legros,null,null,6/2/2025,9/3/2025
"Lesch, Schultz and Pfannerstill",null,null,3/7/2026,8/22/2025
Friesen-Cruickshank,null,null,4/4/2026,10/26/2025
"Rowe, O'Keefe and Bernier",null,null,3/23/2026,2/4/2026
Barton Inc,null,null,4/7/2026,12/17/2025
Rosenbaum Inc,null,null,4/14/2026,10/23/2025
"Hudson, Oberbrunner and Witting",null,null,11/5/2025,6/14/2025
Wilderman-Keebler,null,null,9/2/2025,12/22/2025
Ryan Inc,null,null,2/25/2026,7/26/2025
"Feest, Bogisich and Kuhn",null,null,10/21/2025,8/3/2025
Stoltenberg Inc,null,null,9/23/2025,6/3/2025
Emmerich-Schmidt,null,null,6/8/2025,7/25/2025
White-Roob,null,null,12/10/2025,2/27/2026
O'Keefe-Cremin,null,null,6/6/2025,4/12/2026
Swaniawski Inc,null,null,3/15/2026,5/3/2025
"Stehr, Goodwin and Pfannerstill",null,null,11/16/2025,11/13/2025
"Schoen, Kuphal and Grimes",null,null,3/2/2026,5/31/2025
"Marvin, Ziemann and Stracke",null,null,10/27/2025,4/19/2026
"Wisozk, Lindgren and Konopelski",null,null,10/10/2025,9/1/2025
"Luettgen, Pfannerstill and Schamberger",null,null,10/19/2025,7/7/2025
Bartoletti and Sons,null,null,4/27/2025,1/5/2026
Schimmel-Emmerich,null,null,10/18/2025,3/3/2026
Berge-Casper,null,null,12/3/2025,1/22/2026
Herman-Fadel,null,null,11/11/2025,4/22/2025
Auer-Dicki,null,null,4/3/2026,3/22/2026
Ernser-Bergnaum,null,null,9/3/2025,1/8/2026
Hessel-Romaguera,null,null,3/20/2026,2/5/2026
"Yost, Swaniawski and Zboncak",null,null,4/2/2026,1/17/2026
Schuppe-Barrows,null,null,4/6/2026,2/10/2026
Lakin and Sons,null,null,5/31/2025,12/30/2025
"Schultz, Doyle and Haag",null,null,6/16/2025,1/7/2026
"Maggio, Luettgen and Marvin",null,null,4/7/2026,8/13/2025
Smitham Group,null,null,9/7/2025,9/9/2025
Mitchell-Rolfson,null,null,5/2/2025,11/18/2025
"Stokes, Goodwin and Langosh",null,null,3/13/2026,10/9/2025
"Botsford, Spencer and Hartmann",null,null,2/1/2026,11/9/2025
"Hagenes, Kunde and Beatty",null,null,4/3/2026,3/8/2026
Zboncak-Runte,null,null,3/20/2026,4/26/2025
Roob-Grady,null,null,4/21/2025,12/19/2025
Reichel-Brown,null,null,10/11/2025,5/11/2025
"Schinner, Welch and Swift",null,null,2/9/2026,2/26/2026
Wintheiser-Hills,null,null,3/22/2026,1/12/2026
Will-Mohr,null,null,3/16/2026,11/25/2025
Emmerich LLC,null,null,6/8/2025,8/16/2025
Boehm-Gleichner,null,null,8/24/2025,12/4/2025
Kuhlman and Sons,null,null,8/24/2025,12/19/2025
"Sauer, Miller and Bergstrom",null,null,7/1/2025,5/26/2025
Conn Group,null,null,5/11/2025,4/20/2026
Bogisich Inc,null,null,10/15/2025,7/2/2025
Jaskolski Inc,null,null,12/12/2025,11/30/2025
Waters-Beahan,null,null,8/2/2025,6/22/2025
Bode-Pagac,null,null,6/4/2025,7/6/2025
"Raynor, Johnson and Auer",null,null,10/21/2025,5/9/2025
Kerluke-Pacocha,null,null,8/13/2025,7/22/2025
Buckridge-Hyatt,null,null,12/4/2025,9/16/2025
Ruecker Group,null,null,7/5/2025,11/14/2025
Mosciski-Parker,null,null,11/17/2025,11/18/2025
Legros Inc,null,null,4/24/2025,3/31/2026
"Kling, Homenick and Rempel",null,null,8/9/2025,11/16/2025
Botsford Group,null,null,11/16/2025,7/5/2025
Jacobs Group,null,null,2/11/2026,12/23/2025
"Lemke, Labadie and Schowalter",null,null,9/16/2025,9/21/2025
"Hyatt, Brekke and Champlin",null,null,8/29/2025,3/17/2026
Willms-Bailey,null,null,3/27/2026,2/3/2026
Gusikowski Group,null,null,10/22/2025,3/4/2026
Crooks Inc,null,null,12/24/2025,3/24/2026
Baumbach-Mayert,null,null,3/12/2026,8/8/2025
"Kessler, Hand and Schneider",null,null,9/8/2025,5/8/2025
Muller-Kiehn,null,null,10/12/2025,7/15/2025
Bauch Group,null,null,11/17/2025,4/19/2026
"Prosacco, Mohr and Yundt",null,null,8/4/2025,12/16/2025
Gulgowski-Grimes,null,null,2/1/2026,5/21/2025
Von-Fahey,null,null,5/12/2025,8/29/2025
"Durgan, Muller and Halvorson",null,null,2/25/2026,7/2/2025
Moen-Watsica,null,null,8/5/2025,6/10/2025
Leannon Group,null,null,12/10/2025,12/4/2025
Kuhlman LLC,null,null,1/17/2026,12/27/2025
Barrows and Sons,null,null,3/14/2026,6/24/2025
Marks-Bernier,null,null,11/10/2025,8/16/2025
Cremin-Heaney,null,null,12/11/2025,3/20/2026
Rodriguez-Parker,null,null,3/31/2026,10/14/2025
Waelchi-Satterfield,null,null,9/21/2025,11/27/2025
Braun-Kling,null,null,1/16/2026,8/15/2025
"Batz, Trantow and Wilkinson",null,null,7/15/2025,8/13/2025
"Runolfsson, Halvorson and Witting",null,null,10/6/2025,1/25/2026
Ziemann Inc,null,null,3/7/2026,3/11/2026
"Stanton, Veum and Abshire",null,null,2/9/2026,8/27/2025
"Aufderhar, Schamberger and Jast",null,null,3/28/2026,1/3/2026
Satterfield Group,null,null,9/6/2025,6/7/2025
"Kilback, Bartoletti and Schroeder",null,null,8/2/2025,9/5/2025
Feil Group,null,null,12/25/2025,2/15/2026
Kautzer-Zboncak,null,null,11/15/2025,10/28/2025
Ferry and Sons,null,null,11/4/2025,9/21/2025
Okuneva-Ledner,null,null,10/25/2025,12/20/2025
Yost-Reynolds,null,null,3/11/2026,10/4/2025
Lang-Bechtelar,null,null,7/29/2025,11/7/2025
"Kemmer, Kiehn and Frami",null,null,10/3/2025,7/26/2025
Jacobson-Padberg,null,null,11/19/2025,3/11/2026
Anderson-Kihn,null,null,12/10/2025,2/7/2026
Marks Group,null,null,7/30/2025,10/15/2025
Hudson-Swaniawski,null,null,10/14/2025,7/15/2025
Walter LLC,null,null,12/8/2025,3/3/2026
"Cassin, Orn and Parker",null,null,6/23/2025,2/12/2026
"Swift, Lynch and MacGyver",null,null,10/30/2025,8/15/2025
Ward-White,null,null,11/13/2025,12/10/2025
"Bayer, MacGyver and Legros",null,null,10/24/2025,11/28/2025
Zemlak-Osinski,null,null,9/24/2025,3/21/2026
Gibson-O'Kon,null,null,5/7/2025,8/13/2025
Bode-Padberg,null,null,10/30/2025,9/18/2025
Fahey-Wisozk,null,null,7/30/2025,8/3/2025
Kshlerin-Grant,null,null,12/10/2025,3/27/2026
Morar Inc,null,null,2/3/2026,6/1/2025
"Graham, Waelchi and Wolf",null,null,2/27/2026,12/8/2025
Langworth and Sons,null,null,4/1/2026,12/4/2025
"DuBuque, Collier and Orn",null,null,6/15/2025,10/4/2025
Baumbach-Langworth,null,null,7/26/2025,10/24/2025
Stanton-Jakubowski,null,null,2/4/2026,2/17/2026
Kuvalis-Hauck,null,null,12/26/2025,10/22/2025
Breitenberg-Feeney,null,null,10/20/2025,4/14/2026
Wilkinson Group,null,null,5/1/2025,2/3/2026
"Lemke, Baumbach and Dare",null,null,7/29/2025,5/20/2025
Connelly-Swift,null,null,4/2/2026,8/22/2025
Hagenes-Toy,null,null,5/6/2025,8/13/2025
Welch and Sons,null,null,4/8/2026,1/13/2026
"Kihn, MacGyver and Mohr",null,null,10/25/2025,4/1/2026
Feest Inc,null,null,7/28/2025,10/8/2025
Koch Inc,null,null,6/18/2025,11/29/2025
"Dach, Johnston and Weber",null,null,4/21/2025,6/19/2025
"Abbott, Mosciski and Connelly",null,null,2/20/2026,7/25/2025
Adams-Wisozk,null,null,3/30/2026,10/1/2025
Treutel LLC,null,null,6/27/2025,11/20/2025
Homenick-Bogan,null,null,6/16/2025,8/13/2025
Mertz Group,null,null,7/29/2025,6/25/2025
"Swift, Bode and Conn",null,null,2/7/2026,6/27/2025
"Rosenbaum, Luettgen and Hoppe",null,null,10/11/2025,1/6/2026
Wolff LLC,null,null,2/11/2026,4/27/2025
Streich LLC,null,null,2/2/2026,10/12/2025
Gutkowski-Wisozk,null,null,1/13/2026,6/13/2025
Abernathy Inc,null,null,12/2/2025,1/19/2026
Legros Inc,null,null,12/4/2025,8/22/2025
"Osinski, Padberg and Herzog",null,null,10/21/2025,6/28/2025
"Cartwright, Gottlieb and Funk",null,null,11/5/2025,1/10/2026
"Schaefer, Stamm and Veum",null,null,8/5/2025,3/19/2026
Kovacek-Daniel,null,null,3/16/2026,5/3/2025
"Schamberger, Dicki and Ryan",null,null,12/14/2025,2/3/2026
Schneider-Lueilwitz,null,null,3/25/2026,12/24/2025
Lang-Abshire,null,null,11/5/2025,5/9/2025
"Schuppe, Schimmel and Wisoky",null,null,9/23/2025,5/8/2025
"Nicolas, Lakin and Watsica",null,null,6/30/2025,4/2/2026
Predovic-Gislason,null,null,5/23/2025,4/18/2026
Haley Group,null,null,6/28/2025,10/11/2025
Homenick Group,null,null,11/5/2025,2/11/2026
White and Sons,null,null,8/20/2025,10/7/2025
Hickle LLC,null,null,12/26/2025,12/19/2025
Harvey-Brown,null,null,8/14/2025,4/28/2025
"Welch, Rowe and Klein",null,null,2/23/2026,9/20/2025
Renner-Little,null,null,10/30/2025,8/23/2025
Boyer Inc,null,null,6/25/2025,1/4/2026
Haag Group,null,null,3/5/2026,9/12/2025
Gorczany-Wiza,null,null,3/11/2026,5/23/2025
"Walter, Carter and Douglas",null,null,9/30/2025,5/15/2025
"Zulauf, Dickinson and Roberts",null,null,11/15/2025,4/14/2026
Konopelski LLC,null,null,11/29/2025,2/5/2026
Balistreri and Sons,null,null,11/23/2025,6/11/2025
"King, Schowalter and Collins",null,null,1/27/2026,12/14/2025
"Hettinger, Treutel and Wiegand",null,null,10/30/2025,10/31/2025
"Gibson, Kunze and Effertz",null,null,10/28/2025,6/18/2025
"Dickens, Stamm and Bosco",null,null,9/19/2025,4/3/2026
Balistreri and Sons,null,null,10/15/2025,2/5/2026
Beer LLC,null,null,8/18/2025,6/14/2025
Gleason-Hegmann,null,null,8/31/2025,6/16/2025
Bashirian Inc,null,null,2/14/2026,12/8/2025
"Nienow, Lynch and Rosenbaum",null,null,3/1/2026,11/21/2025
Zulauf Inc,null,null,3/15/2026,4/28/2025
Breitenberg-Hane,null,null,5/8/2025,6/29/2025
"Gibson, Doyle and Hegmann",null,null,9/6/2025,11/13/2025
Kiehn-Hagenes,null,null,8/10/2025,1/16/2026
Macejkovic-O'Hara,null,null,10/21/2025,8/24/2025
Bruen Inc,null,null,6/5/2025,2/8/2026
"Rolfson, Wintheiser and Prohaska",null,null,9/7/2025,8/9/2025
Von and Sons,null,null,2/27/2026,11/5/2025
"Bernhard, Collins and Wunsch",null,null,2/20/2026,9/23/2025
Glover Group,null,null,11/8/2025,8/23/2025
Abbott-Huels,null,null,10/4/2025,1/10/2026
Satterfield LLC,null,null,3/8/2026,7/27/2025
"Hamill, Beier and Emmerich",null,null,4/4/2026,3/17/2026
Thiel-Kovacek,null,null,7/6/2025,12/15/2025
Borer LLC,null,null,10/13/2025,6/11/2025
"Hoppe, Walker and VonRueden",null,null,11/4/2025,6/30/2025
Kiehn-Greenfelder,null,null,6/15/2025,5/28/2025
Goldner-Jacobi,null,null,5/27/2025,10/8/2025
Jacobs-Hermiston,null,null,10/20/2025,10/4/2025
Tremblay Group,null,null,4/7/2026,3/30/2026
Nicolas-Schowalter,null,null,1/17/2026,5/3/2025
Shields-Steuber,null,null,11/21/2025,4/19/2026
Hoppe-Corwin,null,null,11/30/2025,5/31/2025
Lindgren LLC,null,null,11/29/2025,10/3/2025
Bogisich and Sons,null,null,2/6/2026,4/14/2026
Heller Inc,null,null,3/28/2026,4/22/2025
Armstrong-Osinski,null,null,3/9/2026,12/2/2025
Kozey-Johnson,null,null,3/1/2026,10/20/2025
Klein-Hills,null,null,3/17/2026,2/16/2026
Kassulke LLC,null,null,12/13/2025,10/13/2025
Goldner-Kunze,null,null,8/2/2025,12/23/2025
Lemke-Beahan,null,null,6/1/2025,11/3/2025
Greenfelder Group,null,null,3/31/2026,8/16/2025
Kihn LLC,null,null,1/28/2026,4/8/2026
Morissette-Pacocha,null,null,1/22/2026,4/15/2026
"Dare, Schowalter and Durgan",null,null,4/16/2026,1/20/2026
"Rice, Heathcote and Muller",null,null,3/17/2026,3/26/2026
"Shields, Ritchie and Prohaska",null,null,6/6/2025,12/25/2025
Thompson Inc,null,null,3/1/2026,12/19/2025
"Murray, Osinski and Block",null,null,12/2/2025,12/30/2025
Olson Inc,null,null,12/27/2025,9/8/2025
"Turcotte, Feest and Huels",null,null,3/2/2026,3/25/2026
"Satterfield, Rolfson and Schimmel",null,null,7/25/2025,5/1/2025
"Mertz, Davis and Bechtelar",null,null,3/6/2026,1/7/2026
Bogisich Group,null,null,2/19/2026,8/29/2025
Becker-Prosacco,null,null,11/8/2025,8/2/2025
"Fisher, Kshlerin and Gutkowski",null,null,3/21/2026,12/6/2025
Jaskolski-Bednar,null,null,2/2/2026,1/4/2026
O'Kon-Yost,null,null,4/11/2026,11/27/2025
Klocko Inc,null,null,11/26/2025,8/28/2025
Schroeder and Sons,null,null,4/1/2026,5/22/2025
Williamson-Fisher,null,null,3/23/2026,4/10/2026
Mosciski-Boyle,null,null,9/13/2025,12/3/2025
Hayes LLC,null,null,2/23/2026,7/31/2025
Koepp and Sons,null,null,7/10/2025,10/24/2025
"Hammes, Rau and Moen",null,null,5/14/2025,4/10/2026
Dach LLC,null,null,7/28/2025,1/30/2026
"Moen, Rutherford and Roberts",null,null,2/24/2026,2/11/2026
Schimmel and Sons,null,null,8/16/2025,7/16/2025
Block LLC,null,null,8/24/2025,6/9/2025
Kovacek Group,null,null,4/4/2026,8/27/2025
"Heaney, Sauer and Sanford",null,null,1/19/2026,4/24/2025
Leffler-Rohan,null,null,4/18/2026,11/10/2025
Mayert Group,null,null,2/24/2026,6/23/2025
Toy LLC,null,null,7/1/2025,2/20/2026
"Watsica, Stokes and Williamson",null,null,5/13/2025,4/3/2026
Runolfsson-Bayer,null,null,1/17/2026,8/8/2025
Reichel-Greenholt,null,null,6/29/2025,5/18/2025
Crona LLC,null,null,3/26/2026,4/21/2025
Rath-McClure,null,null,4/13/2026,5/26/2025
Wilkinson and Sons,null,null,12/21/2025,5/29/2025
Wolff-Cummings,null,null,3/4/2026,11/22/2025
"Hilpert, Windler and Beatty",null,null,2/17/2026,12/13/2025
Rolfson-Bednar,null,null,8/13/2025,6/16/2025
"Deckow, O'Hara and Schmeler",null,null,1/28/2026,5/2/2025
Weber Group,null,null,1/20/2026,2/9/2026
"Mills, Wintheiser and Weber",null,null,5/6/2025,11/6/2025
"Huels, Osinski and Rohan",null,null,2/3/2026,6/14/2025
Wisozk and Sons,null,null,1/2/2026,10/15/2025
"Moen, Batz and Trantow",null,null,2/5/2026,11/28/2025
"Hamill, Glover and Quitzon",null,null,7/28/2025,9/27/2025
"Jacobs, Heaney and Emmerich",null,null,9/25/2025,6/2/2025
Gleason and Sons,null,null,9/1/2025,3/10/2026
Flatley and Sons,null,null,12/20/2025,4/30/2025
"Wuckert, Graham and Fay",null,null,2/13/2026,4/17/2026
"Beatty, McGlynn and Haley",null,null,7/2/2025,12/29/2025
"Buckridge, Feest and Schaefer",null,null,12/26/2025,4/28/2025
Schultz-Jacobson,null,null,2/5/2026,5/9/2025
Kub-Hyatt,null,null,7/15/2025,4/30/2025
"Tromp, Marquardt and Okuneva",null,null,3/11/2026,1/1/2026
Herman Group,null,null,6/12/2025,8/3/2025
Fisher Inc,null,null,3/11/2026,7/31/2025
"Brakus, Mohr and Schuster",null,null,10/14/2025,11/13/2025
Corwin Group,null,null,11/20/2025,7/23/2025
"Pagac, Herzog and Walker",null,null,8/19/2025,9/28/2025
Jast and Sons,null,null,7/14/2025,7/4/2025
Stracke-MacGyver,null,null,5/19/2025,3/6/2026
Roob-Blick,null,null,6/19/2025,2/12/2026
"Marquardt, Schaden and Jacobson",null,null,7/22/2025,12/5/2025
"Armstrong, Tremblay and Marvin",null,null,2/2/2026,6/9/2025
Abshire Inc,null,null,10/5/2025,9/28/2025
Cremin Inc,null,null,3/10/2026,7/31/2025
"Schuppe, Gibson and Rempel",null,null,4/19/2026,4/28/2025
Hilpert-Rath,null,null,1/5/2026,12/19/2025
"Waters, Lueilwitz and Kessler",null,null,7/27/2025,9/4/2025
"Emard, Senger and Torp",null,null,6/12/2025,11/6/2025
Lakin and Sons,null,null,8/5/2025,7/1/2025
Deckow and Sons,null,null,6/5/2025,8/15/2025
Hodkiewicz and Sons,null,null,7/2/2025,3/19/2026
"Romaguera, Lockman and Flatley",null,null,10/28/2025,3/16/2026
Cronin-Crona,null,null,1/20/2026,1/6/2026
Williamson and Sons,null,null,8/21/2025,7/27/2025
"Klein, Witting and Johnston",null,null,7/5/2025,9/20/2025
Terry-Langworth,null,null,11/9/2025,6/4/2025
Johnston-Ebert,null,null,7/21/2025,3/1/2026
Goyette Group,null,null,8/31/2025,7/15/2025
O'Connell LLC,null,null,8/20/2025,10/8/2025
Goodwin and Sons,null,null,2/28/2026,10/10/2025
"Balistreri, Lockman and Senger",null,null,5/2/2025,1/11/2026
"Emard, Beer and Boyer",null,null,12/30/2025,10/29/2025
Parker and Sons,null,null,3/9/2026,5/26/2025
Kihn Group,null,null,9/30/2025,4/1/2026
"Goodwin, Raynor and Roob",null,null,7/17/2025,4/2/2026
Zieme-Rath,null,null,12/9/2025,12/29/2025
Zieme-Stracke,null,null,12/19/2025,12/26/2025
Gleason Group,null,null,9/15/2025,11/7/2025
"Bergstrom, Parisian and Ondricka",null,null,10/15/2025,9/8/2025
Kozey Inc,null,null,7/13/2025,6/1/2025
Bins-Murray,null,null,11/3/2025,9/16/2025
"Emmerich, Armstrong and Bode",null,null,10/19/2025,11/6/2025
Hahn-Ferry,null,null,6/23/2025,8/24/2025
Kunze Group,null,null,2/1/2026,11/18/2025
Berge-Kub,null,null,11/1/2025,10/29/2025
Rutherford-Ziemann,null,null,7/3/2025,10/2/2025
"Streich, Weber and D'Amore",null,null,3/23/2026,6/2/2025
"Hand, Bahringer and Homenick",null,null,1/4/2026,5/15/2025
"Quigley, Rolfson and Dooley",null,null,9/25/2025,12/10/2025
Runte Group,null,null,6/10/2025,11/15/2025
Hauck and Sons,null,null,3/19/2026,4/7/2026
"Kihn, Jacobs and Block",null,null,5/11/2025,5/5/2025
Kiehn-Conroy,null,null,7/16/2025,1/25/2026