240SX,Nissan
Mountaineer,Mercury
Ion,Saturn
1500,GMC
Dakota,Dodge
Range Rover,Land Rover
Grand Caravan,Dodge
IS-F,Lexus
Ranger,Ford
Prius,Toyota
Cherokee,Jeep
Electra,Buick
Bravada,Oldsmobile
Festiva,Ford
GTI,Volkswagen
Liberty,Jeep
Camry,Toyota
Impreza,Subaru
Elan,Lotus
GTI,Volkswagen
F430 Spider,Ferrari
Ranger,Ford
Tahoe,Chevrolet
Ram Van 2500,Dodge
300ZX,Nissan
Legacy,Subaru
Cordia,Mitsubishi
Sportvan G20,Chevrolet
7 Series,BMW
Impulse,Isuzu
Sonata,Hyundai
Golf III,Volkswagen
Tucson,Hyundai
645,BMW
Mighty Max Macro,Mitsubishi
Sorento,Kia
Sienna,Toyota
Fox,Volkswagen
LHS,Chrysler
Express 2500,Chevrolet
Freelander,Land Rover
Baja,Subaru
Wrangler,Jeep
Sportvan G30,Chevrolet
944,Porsche
Mustang,Ford
207,Peugeot
Phantom,Rolls-Royce
Equinox,Chevrolet
Accent,Hyundai
Suburban 1500,Chevrolet
1 Series,BMW
Imperial,Chrysler
SX4,Suzuki
Relay,Saturn
Escalade,Cadillac
Solara,Toyota
Sephia,Kia
Yukon,GMC
Taurus,Ford
Fit,Honda
Ram Van 1500,Dodge
XJ Series,Jaguar
3500,GMC
F-Series,Ford
2500,Ram
MX-6,Mazda
Ram Van 3500,Dodge
Talon,Eagle
Rogue,Nissan
A6,Audi
Daewoo Kalos,Pontiac
Mustang,Ford
SC,Lexus
Esperante,Panoz
MX-5,Mazda
Escape,Ford
Murciélago LP640,Lamborghini
I,Infiniti
3500,GMC
xB,Scion
Golf,Volkswagen
RAV4,Toyota
Continental,Lincoln
Ram 2500,Dodge
Roadmaster,Buick
tC,Scion
i-MiEV,Mitsubishi
911,Porsche
Suburban 2500,GMC
944,Porsche
Ram 3500,Dodge
Silverado 1500,Chevrolet
Escalade,Cadillac
M3,BMW
Swift,Suzuki
Ram 1500,Dodge
XF,Jaguar
Cutlass Supreme,Oldsmobile
Yukon XL 1500,GMC
Toronado,Oldsmobile
Summit,Eagle
G35,Infiniti
Grand Cherokee,Jeep
Mustang,Ford
QX,Infiniti
Camaro,Chevrolet
Express,Chevrolet
Challenger,Dodge
Scirocco,Volkswagen
Sequoia,Toyota
Savana,GMC
323,Mazda
GT350,Shelby
Outback,Subaru
DB9,Aston Martin
F-250 Super Duty,Ford
GS,Lexus
Continental,Bentley
A6,Audi
Rapide,Aston Martin
9-5,Saab
Bronco II,Ford
E-Series,Ford
Sprinter 3500,Mercedes-Benz
S2000,Honda
RX-7,Mazda
Altima,Nissan
G-Series 1500,Chevrolet
Aztek,Pontiac
Grand Cherokee,Jeep
LR4,Land Rover
GTO,Pontiac
Monte Carlo,Chevrolet
IS,Lexus
C-Class,Mercedes-Benz
Cougar,Mercury
Camry,Toyota
Courier,Ford
Econoline E350,Ford
XK,Jaguar
Cougar,Mercury
Sedona,Kia
Sprinter,Mercedes-Benz
LeSabre,Buick
A4,Audi
Camry,Toyota
Protege,Mazda
Xterra,Nissan
V70,Volvo
Escort,Ford
Econoline E150,Ford
NSX,Acura
Sierra 1500,GMC
Celica,Toyota
Protege,Mazda
XK,Jaguar
Fairlane,Ford
Impala,Chevrolet
RAV4,Toyota
5 Series,BMW
LTD Crown Victoria,Ford
5 Series,BMW
XLR,Cadillac
Tribute,Mazda
Laser,Ford
Camaro,Chevrolet
Mazda5,Mazda
Civic,Honda
Sportage,Kia
Transit Connect,Ford
Legacy,Subaru
Space,Isuzu
960,Volvo
GS,Lexus
B-Series Plus,Mazda
Rondo,Kia
Cayenne,Porsche
Tacoma,Toyota
Dakota Club,Dodge
RAV4,Toyota
Discovery,Land Rover
Oasis,Isuzu
Montero Sport,Mitsubishi
Lancer,Mitsubishi
Ram 1500 Club,Dodge
6 Series,BMW
Savana 1500,GMC
Trans Sport,Pontiac
Savana 1500,GMC
SJ,Suzuki
Sorento,Kia
Mazda5,Mazda
GS,Lexus
M,BMW
Integra,Acura
5 Series,BMW
7 Series,BMW
Escalade,Cadillac
Sebring,Chrysler
5 Series,BMW
Savana 3500,GMC
GX,Lexus
Town & Country,Chrysler
ES,Lexus
Cabriolet,Volkswagen
Tahoe,Chevrolet
MKZ,Lincoln
S60,Volvo
XC90,Volvo
Corvette,Chevrolet
Windstar,Ford
900,Saab
Exige,Lotus
Boxster,Porsche
Sedona,Kia
Escort,Ford
xD,Scion
Cougar,Mercury
A4,Audi
R32,Volkswagen
LR3,Land Rover
Sentra,Nissan
GTI,Volkswagen
Accord,Honda
Coachbuilder,Buick
Freestar,Ford
Tribute,Mazda
Express 3500,Chevrolet
Maxima,Nissan
Town & Country,Chrysler
Neon,Plymouth
DB9,Aston Martin
Sportage,Kia
Escalade,Cadillac
Range Rover,Land Rover
Outlander,Mitsubishi
Grand Prix,Pontiac
Corvette,Chevrolet
Outlander,Mitsubishi
CT,Lexus
Grand Marquis,Mercury
RS 6,Audi
Continental Flying Spur,Bentley
911,Porsche
929,Mazda
Aero 8,Morgan
SL-Class,Mercedes-Benz
PT Cruiser,Chrysler
XC70,Volvo
Murciélago,Lamborghini
Swift,Suzuki
Caravan,Dodge
745,BMW
Bonneville,Pontiac
F430 Spider,Ferrari
Accord,Honda
Optima,Kia
Forester,Subaru
HHR,Chevrolet
Leganza,Daewoo
Silverado 3500,Chevrolet
ES,Lexus
Sable,Mercury
Optima,Kia
626,Mazda
Explorer Sport Trac,Ford
Continental GTC,Bentley
Express 2500,Chevrolet
F-Series,Ford
Gemini,Pontiac
Taurus,Ford
RL,Acura
CR-V,Honda
650,BMW
V50,Volvo
Esteem,Suzuki
FX,Infiniti
CR-V,Honda
XLR,Cadillac
Alcyone SVX,Subaru
Eos,Volkswagen
300M,Chrysler
3000GT,Mitsubishi
Corvette,Chevrolet
riolet,Volkswagen
Continental,Lincoln
Cayenne,Porsche
Jimmy,GMC
Silverado 1500,Chevrolet
A6,Audi
Savana 2500,GMC
tC,Scion
Celica,Toyota
XT,Subaru
Monterey,Mercury
Corvette,Chevrolet
Sonoma,GMC
E-Class,Mercedes-Benz
Quest,Nissan
Cruze,Chevrolet
Fairlane,Ford
Legacy,Subaru
9-5,Saab
MX-6,Mazda
Sierra 3500,GMC
Grand Am,Pontiac
E-Class,Mercedes-Benz
CTS,Cadillac
Bonneville,Pontiac
Seville,Cadillac
Milan,Mercury
1500,Chevrolet
Breeze,Plymouth
Mighty Max,Mitsubishi
Accent,Hyundai
Colorado,Chevrolet
Ion,Saturn
Elise,Lotus
Lancer,Mitsubishi
Ram 2500,Dodge
Windstar,Ford
Samurai,Suzuki
California,Ferrari
Raider,Mitsubishi
xA,Scion
Swift,Suzuki
E-Class,Mercedes-Benz
F150,Ford
Celica,Toyota
Flex,Ford
Astra,Saturn
Yukon,GMC
Endeavor,Mitsubishi
Cordia,Mitsubishi
Touareg 2,Volkswagen
Cabriolet,Volkswagen
S-Class,Mercedes-Benz
S-Type,Jaguar
Rockette,Fairthorpe
Dakota,Ram
Brooklands,Bentley
SL-Class,Mercedes-Benz
3 Series,BMW
Montero Sport,Mitsubishi
B-Series Plus,Mazda
CTS,Cadillac
Cavalier,Chevrolet
RAV4,Toyota
S-Type,Jaguar
Accent,Hyundai
Grand Marquis,Mercury
Intrepid,Dodge
Yukon,GMC
Armada,Nissan
Continental,Bentley
Daewoo Magnus,Suzuki
Montero,Mitsubishi
Discovery,Land Rover
Rio,Kia
LR3,Land Rover
Wrangler,Jeep
Grand Prix,Pontiac
Civic,Honda
Pajero,Mitsubishi
Truck,Mitsubishi
Discovery,Land Rover
Equator,Suzuki
Omni,Dodge
Ram 1500 Club,Dodge
Odyssey,Honda
Familia,Mazda
Yaris,Toyota
E250,Ford
LX,Lexus
Taurus,Ford
Firebird Formula,Pontiac
G25,Infiniti
Econoline E150,Ford
Golf,Volkswagen
S-Class,Mercedes-Benz
Eclipse,Mitsubishi
L-Series,Saturn
S40,Volvo
Tercel,Toyota
Escalade EXT,Cadillac
S60,Volvo
Suburban 2500,Chevrolet
Ranger,Ford
Taurus,Ford
Grand Caravan,Dodge
A8,Audi
Corvette,Chevrolet
Sebring,Chrysler
Swift,Suzuki
Ram Van 1500,Dodge
Ranger,Ford
9-7X,Saab
SL-Class,Mercedes-Benz
Dakota,Dodge
V8 Vantage,Aston Martin
M5,BMW
Laser,Ford
Thunderbird,Ford
Pathfinder,Nissan
SC,Lexus
600SEL,Mercedes-Benz
Avanti,Studebaker
F350,Ford
Firefly,Pontiac
Highlander,Toyota
Durango,Dodge
XC60,Volvo
Silverado 1500,Chevrolet
M-Class,Mercedes-Benz
LFA,Lexus
i-Series,Isuzu
F350,Ford
Yukon XL 1500,GMC
929,Mazda
T100 Xtra,Toyota
F150,Ford
GTI,Volkswagen
Range Rover,Land Rover
G5,Pontiac
LUV,Chevrolet
Savana 1500,GMC
Mazdaspeed 3,Mazda
Prizm,Geo
B-Series Plus,Mazda
Malibu,Chevrolet
SJ,Suzuki
Mustang,Ford
Diamante,Mitsubishi
T100,Toyota
Sebring,Chrysler
Tracer,Mercury
Fiero,Pontiac
Mighty Max,Mitsubishi
NSX,Acura
Special,Buick
Escort,Ford
Jetta,Volkswagen
Exige,Lotus
Precis,Mitsubishi
DB9 Volante,Aston Martin
Mighty Max,Mitsubishi
S10,Chevrolet
Tucson,Hyundai
Skylark,Buick
Dakota Club,Dodge
E-Series,Ford
Tundra,Mitsubishi
PT Cruiser,Chrysler
A4,Audi
Cabriolet,Audi
Avenger,Dodge
Mini Cooper,Austin
Genesis,Hyundai
Roadmaster,Buick
Escape,Ford
Escape,Ford
Probe,Ford
XK,Jaguar
Lynx,Mercury
MX-5,Mazda
Sidekick,Suzuki
Legend,Acura
HHR,Chevrolet
Escort,Ford
Astro,Chevrolet
Murciélago,Lamborghini
Outlander,Mitsubishi
G-Class,Mercedes-Benz
Beretta,Chevrolet
G,Infiniti
Previa,Toyota
Celica,Toyota
Alero,Oldsmobile
Stratus,Dodge
Continental,Lincoln
Grand Marquis,Mercury
500,Fiat
LaCrosse,Buick
Yukon Denali,GMC
4Runner,Toyota
Esteem,Suzuki
Escalade ESV,Cadillac
B-Series,Mazda
Pajero,Mitsubishi
APV,Chevrolet
Grand Prix,Pontiac
Shadow,Dodge
Freelander,Land Rover
Thunderbird,Ford
Villager,Mercury
Sable,Mercury
XC60,Volvo
Grand Prix,Pontiac
A6,Audi
C-Class,Mercedes-Benz
1500,Chevrolet
GTI,Volkswagen
XC90,Volvo
Grand Prix,Pontiac
2500 Club Coupe,GMC
Rabbit,Volkswagen
Malibu,Chevrolet
Mazda3,Mazda
Venture,Chevrolet
Z4,BMW
Rio,Kia
300M,Chrysler
GT350,Shelby
928,Porsche
1500,GMC
S4,Audi
F-Series,Ford
GTO,Mitsubishi
Elantra,Hyundai
Civic,Honda
Transit Connect,Ford
Corvette,Chevrolet
Cougar,Mercury
Impala SS,Chevrolet
911,Porsche
545,BMW
600SL,Mercedes-Benz
SC,Lexus
Sportage,Kia
Laser,Plymouth
Millenia,Mazda
Legacy,Subaru
Grand Prix,Pontiac
Odyssey,Honda
GS,Lexus
FX,Infiniti
Grand Voyager,Plymouth
GTI,Volkswagen
300M,Chrysler
Lumina,Chevrolet
Grand Prix,Pontiac
RL,Acura
Tredia,Mitsubishi
Jimmy,GMC
GTO,Mitsubishi
Eclipse,Mitsubishi
Aerostar,Ford
Pajero,Mitsubishi
Canyon,GMC
Veracruz,Hyundai
M-Class,Mercedes-Benz
Explorer,Ford
Yukon XL,GMC
Eclipse,Mitsubishi
Cougar,Mercury
Charade,Daihatsu
HHR,Chevrolet
Miata MX-5,Mazda
Silverado 2500,Chevrolet
Grand Am,Pontiac
Colorado,Chevrolet
Sienna,Toyota
Diamante,Mitsubishi
Esperante,Panoz
Continental GT,Bentley
Swift,Suzuki
Pacifica,Chrysler
Wrangler,Jeep
Savana 2500,GMC
Astro,Chevrolet
Town & Country,Chrysler
Regency,Oldsmobile
Sienna,Toyota
Mirage,Mitsubishi
Mirage,Mitsubishi
TT,Audi
MX-5,Mazda
Town & Country,Chrysler
Mazda3,Mazda
Eldorado,Cadillac
Courier,Ford
QX,Infiniti
Ridgeline,Honda
300M,Chrysler
MKS,Lincoln
I,Infiniti
Cavalier,Chevrolet
TT,Audi
RAV4,Toyota
Ram 2500 Club,Dodge
Safari,GMC
F430,Ferrari
57,Maybach
FX,Infiniti
Samurai,Suzuki
Accord,Honda
CTS-V,Cadillac
Esprit,Lotus
Tundra,Toyota
TrailBlazer,Chevrolet
645,BMW
Jetta,Volkswagen
Quest,Nissan
4Runner,Toyota
Avalanche 1500,Chevrolet
Silverado 1500,Chevrolet
Avalon,Toyota
CC,Volkswagen
Escalade,Cadillac
A4,Audi
RX,Lexus
Celica,Toyota
Vitara,Suzuki
3500,GMC
H2,Hummer
Town Car,Lincoln
Tacoma,Toyota
F150,Ford
7 Series,BMW
Caravan,Dodge
Range Rover,Land Rover
Sierra 2500,GMC
Regal,Buick
Mazda6,Mazda
M-Class,Mercedes-Benz
Rio,Kia
Z4 M Roadster,BMW
S-Class,Mercedes-Benz
Sierra 1500,GMC
Silhouette,Oldsmobile
8 Series,BMW
Century,Buick
Navigator,Lincoln
Golf,Volkswagen
Viper,Dodge
Rodeo,Isuzu
Suburban 1500,Chevrolet
F250,Ford
Tacoma,Toyota
IS F,Lexus
Cougar,Mercury
G,Infiniti
V70,Volvo
Endeavor,Mitsubishi
S-Series,Saturn
Vantage,Aston Martin
Bonneville,Pontiac
Odyssey,Honda
Pajero,Mitsubishi
LS,Lexus
Phaeton,Volkswagen
Suburban,Chevrolet
Eos,Volkswagen
Aspire,Ford
Impreza WRX,Subaru
SX4,Suzuki
2500,GMC
G,Infiniti
X5,BMW
Justy,Subaru
Odyssey,Honda
200SX,Nissan
Grand Voyager,Plymouth
Montero,Mitsubishi
Century,Buick
Th!nk,Ford
Yukon XL 1500,GMC
Dakota Club,Dodge
S60,Volvo
Cabriolet,Volkswagen
S10,Chevrolet
Express,Chevrolet
LX,Lexus
Monte Carlo,Chevrolet
Impala,Chevrolet
F350,Ford
F150,Ford
929,Mazda
3500,Chevrolet
Eclipse,Mitsubishi
62,Maybach
Suburban 1500,Chevrolet
G6,Pontiac
RAV4,Toyota
Neon,Dodge
XC90,Volvo
Town & Country,Chrysler
Range Rover,Land Rover
5 Series,BMW
X6,BMW
Town & Country,Chrysler
Pilot,Honda
Phantom,Rolls-Royce
M3,BMW
Rio,Kia
Savana 3500,GMC
Continental,Lincoln
300ZX,Nissan
Altima,Nissan
4Runner,Toyota
LeSabre,Buick
Murano,Nissan
Jetta,Volkswagen
Yaris,Toyota
645,BMW
E350,Ford
Precis,Mitsubishi
Five Hundred,Ford
A8,Audi
S4,Audi
Paseo,Toyota
Sienna,Toyota
Continental GTC,Bentley
Continental GTC,Bentley
Eclipse,Mitsubishi
Cabriolet,Volkswagen
Veracruz,Hyundai
C70,Volvo
Cooper,MINI
Grand Caravan,Dodge
S80,Volvo
100,Audi
Century,Buick
A4,Audi
Courier,Ford
Scirocco,Volkswagen
88,Oldsmobile
Suburban 1500,Chevrolet
Grand Prix,Pontiac
S4,Audi
Avalanche,Chevrolet
Avalanche 2500,Chevrolet
Pajero,Mitsubishi
XG350,Hyundai
Mark VII,Lincoln
Avalon,Toyota
Prowler,Plymouth
Q,Infiniti
Aztek,Pontiac
X6,BMW
Liberty,Jeep
Lumina APV,Chevrolet
Maxima,Nissan
Sable,Mercury
Endeavor,Mitsubishi
Thunderbird,Ford
ES,Lexus
Outback,Subaru
Passat,Volkswagen
Biturbo,Maserati
Avalon,Toyota
Patriot,Jeep
Yukon,GMC
Z3,BMW
Spectra,Kia
MX-5,Mazda
645,BMW
Thunderbird,Ford
Impreza,Subaru
G,Infiniti
Boxster,Porsche
Electra,Buick
Mirage,Mitsubishi
Pajero,Mitsubishi
Elantra,Hyundai
SL65 AMG,Mercedes-Benz
Endeavor,Mitsubishi
Odyssey,Honda
Land Cruiser,Toyota
Challenger,Dodge
100,Audi
Escalade,Cadillac
Eos,Volkswagen
Sigma,Mitsubishi
Accent,Hyundai
GTI,Volkswagen
Focus,Ford
Boxster,Porsche
Ram 1500,Dodge
TT,Audi
A8,Audi
Reno,Suzuki
Passat,Volkswagen
Grand Marquis,Mercury
Touareg 2,Volkswagen
Navigator,Lincoln
Thunderbird,Ford
Taurus,Ford
Jimmy,GMC
Town Car,Lincoln
9-5,Saab
Continental GTC,Bentley
Entourage,Hyundai
M,Infiniti
A6,Audi
Firebird,Pontiac
90,Audi
MDX,Acura
Diablo,Lamborghini
ES,Lexus
MX-3,Mazda
Sonata,Hyundai
Durango,Dodge
Expedition EL,Ford
Golf,Volkswagen
Navigator,Lincoln
Hombre,Isuzu
SL-Class,Mercedes-Benz
Spectra,Kia
A8,Audi
Continental,Bentley
Grand Cherokee,Jeep
S-Class,Mercedes-Benz
Rio,Kia
E-Series,Ford
Clubman,MINI
3500,GMC
Odyssey,Honda
Stylus,Isuzu
Cruze,Chevrolet
A6,Audi
RX Hybrid,Lexus
XC90,Volvo
Ranger,Ford
VUE,Saturn
rio,Volkswagen
Stratus,Dodge
E-Series,Ford
Sprinter 2500,Mercedes-Benz
S70,Volvo
S80,Volvo
Tundra,Toyota
E-Series,Ford
S6,Audi
Supra,Toyota
Firebird,Pontiac
A4,Audi
H1,Hummer
525,BMW
300,Chrysler
Thunderbird,Ford
Montero Sport,Mitsubishi
Land Cruiser,Toyota
XC70,Volvo
Endeavor,Mitsubishi
Forte,Kia
Altima,Nissan
2CV,Citroën
Element,Honda
F-Series Super Duty,Ford
9-3,Saab
X5 M,BMW
Rendezvous,Buick
Sebring,Chrysler
Veyron,Bugatti
Estate,Buick
Chariot,Mitsubishi
Ram 2500,Dodge
Solara,Toyota
DeVille,Cadillac
Grand Caravan,Dodge
Town Car,Lincoln
Jetta,Volkswagen
LeSabre,Buick
Sierra 2500,GMC
Bonneville,Pontiac
Jetta,Volkswagen
Corolla,Toyota
4Runner,Toyota
MKT,Lincoln
SLK-Class,Mercedes-Benz
Lumina,Chevrolet
Crosstour,Honda
Murciélago,Lamborghini
GTO,Pontiac
900,Saab
MPV,Mazda
Ram 50,Dodge
Dakota Club,Dodge
G-Series G30,Chevrolet
Ram Van 3500,Dodge
Prelude,Honda
XC90,Volvo
Town & Country,Chrysler
Villager,Mercury
Mazdaspeed 3,Mazda
300SL,Mercedes-Benz
FJ Cruiser,Toyota
GTI,Volkswagen
XLR,Cadillac
MPV,Mazda
Sentra,Nissan
Avenger,Dodge
Aerostar,Ford
Spectra,Kia
A8,Audi
Entourage,Hyundai
Durango,Dodge
300,Chrysler
Vision,Eagle
Montero,Mitsubishi
Ram 2500 Club,Dodge
New Beetle,Volkswagen
Discovery,Land Rover
A4,Audi
G-Series G10,Chevrolet
X6,BMW
Cordia,Mitsubishi
Ram Van B350,Dodge
Town & Country,Chrysler
V90,Volvo
650,BMW
LR4,Land Rover
XJ Series,Jaguar
SRX,Cadillac
Escalade,Cadillac
Regal,Buick
600,BMW
Probe,Ford
A6,Audi
Tribute,Mazda
Intrepid,Dodge
Z4 M,BMW
TT,Audi
Liberty,Jeep
Discovery,Land Rover
Excel,Hyundai
Torrent,Pontiac
Bonneville,Pontiac
C70,Volvo
Grand Prix,Pontiac
Sundance,Plymouth
Suburban 2500,Chevrolet
Rendezvous,Buick
i-Series,Isuzu
MKZ,Lincoln
Savana 3500,GMC
Pajero,Mitsubishi
DB9,Aston Martin
Xterra,Nissan
Villager,Mercury
W201,Mercedes-Benz
Quattroporte,Maserati
4Runner,Toyota
Laser,Ford
Avenger,Dodge
Golf,Volkswagen
Elantra,Hyundai
S2000,Honda
Park Avenue,Buick
Explorer,Ford
LS Hybrid,Lexus
Mazda3,Mazda
8 Series,BMW
1500,GMC
Frontier,Nissan
Vandura 3500,GMC
Astra,Saturn
Dakota Club,Dodge
RL,Acura
Grand Prix,Pontiac
Patriot,Jeep
1500 Club Coupe,GMC
MKX,Lincoln
Sable,Mercury
Sierra 1500,GMC
Mariner,Mercury
SL-Class,Mercedes-Benz
Scirocco,Volkswagen
Dakota Club,Dodge
TL,Acura
Sedona,Kia
3 Series,BMW
Range Rover,Land Rover
Focus,Ford
Impreza,Subaru
Forenza,Suzuki
Lancer,Mitsubishi
Altima,Nissan
Metro,Chevrolet
Ridgeline,Honda
Continental,Bentley
Freestar,Ford
XC70,Volvo
Murano,Nissan
Q7,Audi
Intrigue,Oldsmobile
SVX,Subaru
Sidekick,Suzuki
CR-V,Honda
Yukon XL 2500,GMC
Z4,BMW
Baja,Subaru
Club Wagon,Ford
Avalanche 2500,Chevrolet
Yukon XL 1500,GMC
Talon,Eagle
Suburban 1500,Chevrolet
Legacy,Subaru
